{"0":{"serie":{"0":{"abduction_angle":37.7063179,"succesfull":true,"test_time":2.545296,"rest_time":15.6975746,"total_time":18.24287},"1":{"abduction_angle":34.7555656,"succesfull":true,"test_time":3.766838,"rest_time":8.863811,"total_time":12.6306486},"2":{"abduction_angle":36.12479,"succesfull":true,"test_time":3.03452277,"rest_time":5.77446651,"total_time":8.80899},"3":{"abduction_angle":34.9270134,"succesfull":true,"test_time":2.98517847,"rest_time":3.74698544,"total_time":6.732164},"4":{"abduction_angle":33.6905937,"succesfull":true,"test_time":2.782555,"rest_time":3.05795956,"total_time":5.84051466},"5":{"abduction_angle":31.5828743,"succesfull":true,"test_time":3.20644474,"rest_time":2.55352449,"total_time":5.759969},"6":{"abduction_angle":31.7423134,"succesfull":true,"test_time":3.85580015,"rest_time":3.221035,"total_time":7.076835},"7":{"abduction_angle":32.4007835,"succesfull":true,"test_time":3.29327679,"rest_time":3.77891064,"total_time":7.07218742},"8":{"abduction_angle":31.6213112,"succesfull":true,"test_time":3.739678,"rest_time":3.494894,"total_time":7.234572},"9":{"abduction_angle":30.6873283,"succesfull":true,"test_time":3.37551117,"rest_time":3.14431238,"total_time":6.51982355}}},"1":{"serie":{"0":{"abduction_angle":54.50458,"succesfull":true,"test_time":3.12886429,"rest_time":91.7467041,"total_time":94.8755646},"1":{"abduction_angle":33.46432,"succesfull":true,"test_time":3.04687452,"rest_time":3.55381775,"total_time":6.60069227},"2":{"abduction_angle":32.28519,"succesfull":true,"test_time":2.9186914,"rest_time":3.41089177,"total_time":6.329583},"3":{"abduction_angle":31.2321568,"succesfull":true,"test_time":2.55788684,"rest_time":2.515834,"total_time":5.073721},"4":{"abduction_angle":31.424881,"succesfull":true,"test_time":2.78132057,"rest_time":2.95525074,"total_time":5.73657131},"5":{"abduction_angle":31.6500626,"succesfull":true,"test_time":3.143219,"rest_time":3.28989553,"total_time":6.43311453},"6":{"abduction_angle":30.2245159,"succesfull":true,"test_time":2.651969,"rest_time":3.37720919,"total_time":6.029178},"7":{"abduction_angle":31.9240475,"succesfull":true,"test_time":2.28600168,"rest_time":2.96984529,"total_time":5.255847},"8":{"abduction_angle":30.8951721,"succesfull":true,"test_time":2.61541152,"rest_time":3.39047647,"total_time":6.005888},"9":{"abduction_angle":30.4486942,"succesfull":true,"test_time":3.12914968,"rest_time":2.94188762,"total_time":6.07103729}}}}